,accuracy,f1,loss,precision,recall,val_accuracy,val_f1,val_loss,val_precision,val_recall
0,0.93191964218491,0.9308846185081884,0.16222074882764564,0.9436415418198234,0.918538532759014,0.9305451151571775,0.9325443992489263,0.17131916002223366,0.9225447679820814,0.9460526281281522
1,0.9229813632757767,0.9213159162065258,0.18515207326930502,0.9387245074562405,0.9047360264736674,0.9110248425732488,0.9124249245809473,0.2190922343212625,0.9161791438641755,0.9142857219861902
2,0.9312287427130199,0.9298809653236753,0.1638808324933052,0.9451077097938174,0.9152848621209463,0.9215135957513537,0.9212548505692255,0.207660188632352,0.9249302688099089,0.9198979565075466
3,0.9295386890570323,0.9282617290814718,0.16826797425746917,0.9435191611448924,0.9135714292526245,0.9030952354272207,0.9029218832651774,0.22831140955289206,0.9075147529443105,0.9038095235824585
4,0.9315668171451937,0.930214730001265,0.16581225034690672,0.9458403587341309,0.9152361731375417,0.8907834099185082,0.8951016087685862,0.25923751967568553,0.8709470052872935,0.9283410118472192
mean,0.9294470508751866,0.9281115918242252,0.16906677583892635,0.9433666557897809,0.9134734047487587,0.9113924397655018,0.9128495332865725,0.21712410244088515,0.908423187777554,0.9224773684103134
